gender,SeniorCitizen,Partner,Dependents,tenure,PhoneService,MultipleLines,InternetService,OnlineSecurity,OnlineBackup,DeviceProtection,TechSupport,StreamingTV,StreamingMovies,Contract,PaperlessBilling,PaymentMethod,MonthlyCharges,TotalCharges,AverageMonthlySpend,Churn
Female,0,Yes,No,1,No,No phone service,DSL,No,No,No,No,No,No,Month-to-month,Yes,Electronic check,33.480000000000004,33.480000000000004,33.480000000000004,1
Male,0,No,No,41,Yes,Yes,No,No internet service,No internet service,No internet service,No internet service,No internet service,No internet service,Month-to-month,Yes,Bank transfer (automatic),34.087500000000006,1345.2075,32.809939024390246,0
Female,0,Yes,Yes,52,Yes,No,No,No internet service,No internet service,No internet service,No internet service,No internet service,No internet service,Two year,No,Mailed check,26.122500000000002,1392.7949999999998,26.784519230769227,0
Female,0,No,No,1,Yes,No,Fiber optic,No,No,Yes,No,No,No,Month-to-month,No,Electronic check,103.0725,103.0725,103.0725,1
Male,0,No,No,67,Yes,No,DSL,No,No,No,Yes,No,No,Two year,No,Bank transfer (automatic),68.2425,4401.135,65.68858208955224,0
Female,1,Yes,No,68,Yes,Yes,Fiber optic,No,Yes,No,No,No,Yes,Month-to-month,Yes,Bank transfer (automatic),120.96,8272.260000000002,121.6508823529412,1
Female,0,Yes,Yes,23,Yes,Yes,DSL,Yes,No,Yes,Yes,Yes,No,Two year,Yes,Bank transfer (automatic),104.15250000000002,2375.19,103.26913043478261,0
Male,0,Yes,Yes,72,Yes,Yes,DSL,Yes,Yes,Yes,Yes,No,No,Two year,No,Credit card (automatic),97.335,6772.477500000001,94.06218750000001,0
Male,0,No,No,70,Yes,Yes,Fiber optic,Yes,No,No,Yes,Yes,Yes,Two year,Yes,Credit card (automatic),140.4,9787.702500000003,139.82432142857147,1
Male,0,No,No,1,Yes,No,No,No internet service,No internet service,No internet service,No internet service,No internet service,No internet service,Month-to-month,No,Mailed check,26.19,26.19,26.19,1
Male,0,No,No,1,Yes,No,No,No internet service,No internet service,No internet service,No internet service,No internet service,No internet service,Month-to-month,No,Mailed check,27.6075,27.6075,27.6075,0
Male,0,Yes,Yes,34,Yes,No,Fiber optic,No,No,Yes,No,Yes,No,Month-to-month,Yes,Mailed check,113.4675,3928.4325,115.54213235294117,0
Male,1,Yes,Yes,28,Yes,Yes,DSL,No,No,No,No,No,No,One year,Yes,Electronic check,68.85000000000001,1865.43,66.6225,0
Female,1,No,No,18,Yes,Yes,Fiber optic,No,Yes,No,Yes,No,No,Month-to-month,Yes,Electronic check,115.35750000000002,2032.8975,112.93875,1
Female,0,Yes,No,15,Yes,No,No,No internet service,No internet service,No internet service,No internet service,No internet service,No internet service,Month-to-month,No,Credit card (automatic),27.6075,446.58,29.772,0
Female,1,No,No,11,Yes,Yes,Fiber optic,No,No,No,No,Yes,Yes,Month-to-month,Yes,Bank transfer (automatic),128.45250000000001,1346.8274999999999,122.43886363636364,1
Male,0,No,No,11,Yes,Yes,DSL,No,No,Yes,No,No,No,Month-to-month,No,Electronic check,72.5625,820.8000000000001,74.61818181818182,1
Male,0,Yes,Yes,1,Yes,No,Fiber optic,No,No,No,No,No,No,Month-to-month,Yes,Electronic check,94.5,94.5,94.5,1
Female,0,Yes,Yes,37,Yes,Yes,Fiber optic,No,Yes,No,No,Yes,No,Month-to-month,Yes,Electronic check,119.88000000000001,4509.7425,121.88493243243244,0
Male,0,No,Yes,22,Yes,No,Fiber optic,No,Yes,Yes,No,Yes,No,Month-to-month,Yes,Electronic check,120.69000000000001,2702.0249999999996,122.81931818181818,1
Female,0,No,No,1,Yes,No,Fiber optic,No,No,No,No,No,No,Month-to-month,Yes,Electronic check,94.8375,94.8375,94.8375,0
Female,0,Yes,Yes,1,Yes,No,No,No internet service,No internet service,No internet service,No internet service,No internet service,No internet service,Month-to-month,No,Electronic check,26.2575,26.2575,26.2575,0
Male,0,Yes,Yes,46,Yes,Yes,Fiber optic,No,Yes,No,No,No,No,Month-to-month,Yes,Bank transfer (automatic),108.0,5089.095,110.63250000000001,0
Female,0,No,No,51,Yes,Yes,Fiber optic,Yes,Yes,Yes,No,Yes,Yes,One year,No,Bank transfer (automatic),145.0575,7669.215,150.37676470588235,0
Female,0,Yes,No,41,Yes,No,Fiber optic,Yes,Yes,Yes,No,Yes,Yes,One year,Yes,Bank transfer (automatic),141.00750000000002,5618.767500000001,137.04310975609758,0
Female,0,Yes,No,5,Yes,Yes,DSL,No,No,Yes,Yes,Yes,No,Month-to-month,No,Bank transfer (automatic),91.73250000000002,472.90500000000003,94.581,1
Female,0,No,No,45,Yes,Yes,Fiber optic,No,Yes,No,No,Yes,No,Month-to-month,Yes,Credit card (automatic),120.555,5422.7475,120.50550000000001,1
Male,0,Yes,Yes,29,Yes,No,DSL,Yes,No,No,No,No,Yes,Month-to-month,Yes,Mailed check,81.27000000000001,2476.1025000000004,85.38284482758623,0
Female,1,No,No,15,Yes,No,Fiber optic,No,No,No,No,Yes,Yes,Month-to-month,Yes,Electronic check,123.525,1890.405,126.027,0
Male,0,No,No,72,No,No phone service,DSL,Yes,Yes,Yes,Yes,Yes,Yes,Two year,Yes,Bank transfer (automatic),85.995,6027.4800000000005,83.715,0
Male,0,Yes,No,50,Yes,Yes,Fiber optic,Yes,No,Yes,No,Yes,Yes,One year,Yes,Electronic check,140.3325,7062.255,141.2451,0
Male,0,No,Yes,27,Yes,No,No,No internet service,No internet service,No internet service,No internet service,No internet service,No internet service,Two year,No,Mailed check,27.810000000000002,785.4975000000001,29.0925,0
Male,0,Yes,No,72,Yes,Yes,DSL,No,Yes,Yes,Yes,Yes,Yes,Two year,Yes,Bank transfer (automatic),114.95250000000001,8526.869999999999,118.42875,0
Female,0,Yes,Yes,51,Yes,No,DSL,Yes,Yes,No,Yes,No,Yes,One year,Yes,Credit card (automatic),94.16250000000001,4809.375000000001,94.3014705882353,0
Female,0,Yes,No,60,Yes,Yes,Fiber optic,Yes,Yes,No,No,No,Yes,Month-to-month,Yes,Credit card (automatic),127.035,7392.465,123.20775,0
Male,0,No,No,17,Yes,No,No,No internet service,No internet service,No internet service,No internet service,No internet service,No internet service,Two year,No,Credit card (automatic),26.2575,498.2175000000001,29.306911764705887,0
Female,0,No,No,72,Yes,No,No,No internet service,No internet service,No internet service,No internet service,No internet service,No internet service,Two year,Yes,Bank transfer (automatic),28.5525,1916.19,26.61375,0
Female,0,Yes,No,33,Yes,Yes,Fiber optic,No,Yes,Yes,No,Yes,Yes,Month-to-month,Yes,Electronic check,140.94000000000003,4602.959999999999,139.48363636363635,1
Female,1,Yes,Yes,66,Yes,Yes,Fiber optic,No,Yes,Yes,No,Yes,Yes,One year,Yes,Electronic check,141.615,9303.4575,140.96147727272728,0
Female,0,Yes,Yes,69,Yes,Yes,Fiber optic,No,Yes,Yes,No,Yes,Yes,Month-to-month,Yes,Electronic check,140.3325,10053.314999999999,145.70021739130434,1
Male,0,No,No,5,Yes,No,Fiber optic,No,No,No,No,No,No,Month-to-month,Yes,Electronic check,94.16250000000001,438.21000000000004,87.64200000000001,1
Female,0,Yes,No,57,Yes,Yes,Fiber optic,No,No,Yes,No,Yes,Yes,One year,Yes,Credit card (automatic),136.01250000000002,8079.75,141.75,0
Female,1,No,No,8,Yes,Yes,Fiber optic,No,No,No,No,No,No,Month-to-month,Yes,Electronic check,102.2625,818.4375,102.3046875,1
Female,0,No,No,14,Yes,No,DSL,No,Yes,No,No,No,No,One year,No,Credit card (automatic),69.45750000000001,982.5975000000001,70.18553571428572,0
Male,0,No,No,25,Yes,Yes,Fiber optic,No,No,No,No,Yes,Yes,Month-to-month,Yes,Bank transfer (automatic),127.84500000000001,3188.835,127.5534,1
Female,0,Yes,Yes,52,Yes,No,No,No internet service,No internet service,No internet service,No internet service,No internet service,No internet service,One year,No,Credit card (automatic),26.460000000000004,1366.7400000000002,26.28346153846154,0
Female,1,No,No,7,Yes,No,Fiber optic,Yes,No,No,No,No,No,Month-to-month,No,Bank transfer (automatic),103.20750000000001,679.8600000000001,97.12285714285716,1
Male,0,No,No,13,Yes,No,Fiber optic,No,Yes,Yes,No,No,No,Month-to-month,Yes,Electronic check,107.73,1314.1575,101.08903846153846,1
Female,1,No,No,15,Yes,Yes,Fiber optic,No,Yes,No,No,No,Yes,Month-to-month,No,Electronic check,121.2975,1923.6825000000003,128.24550000000002,1
Male,0,No,No,22,Yes,No,DSL,No,Yes,No,Yes,No,No,One year,Yes,Credit card (automatic),74.4525,1610.6175000000003,73.20988636363637,1
Female,0,No,No,19,Yes,No,No,No internet service,No internet service,No internet service,No internet service,No internet service,No internet service,Month-to-month,No,Mailed check,26.865,496.1925,26.115394736842106,0
Male,0,Yes,Yes,23,No,No phone service,DSL,No,No,No,Yes,No,No,Month-to-month,Yes,Bank transfer (automatic),40.972500000000004,916.3125,39.83967391304348,0
Female,0,Yes,No,72,Yes,Yes,Fiber optic,Yes,Yes,Yes,Yes,Yes,Yes,Two year,Yes,Bank transfer (automatic),153.4275,11046.712500000001,153.42656250000002,0
Male,1,Yes,No,72,Yes,Yes,Fiber optic,No,Yes,No,No,Yes,Yes,Two year,No,Bank transfer (automatic),132.7725,9354.69,129.92625,0
Female,0,Yes,Yes,59,Yes,Yes,Fiber optic,No,Yes,No,Yes,No,Yes,Month-to-month,Yes,Bank transfer (automatic),130.47750000000002,7534.08,127.69627118644068,0
Female,0,Yes,Yes,70,Yes,No,DSL,Yes,No,No,Yes,Yes,Yes,Two year,No,Credit card (automatic),101.7225,7340.9625000000015,104.87089285714288,0
Male,0,Yes,Yes,70,Yes,No,Fiber optic,Yes,Yes,Yes,Yes,Yes,No,Two year,Yes,Credit card (automatic),136.485,9442.98,134.89971428571428,0
Male,0,Yes,Yes,9,Yes,No,Fiber optic,No,No,Yes,Yes,Yes,Yes,Month-to-month,No,Electronic check,139.185,1310.1075000000003,145.56750000000002,0
Female,0,No,No,3,Yes,Yes,No,No internet service,No internet service,No internet service,No internet service,No internet service,No internet service,Month-to-month,No,Mailed check,33.21,116.5725,38.8575,0
Male,1,No,No,17,Yes,No,Fiber optic,No,Yes,Yes,No,Yes,Yes,Month-to-month,Yes,Electronic check,137.43,2365.807500000001,139.16514705882358,0
Female,0,Yes,Yes,28,Yes,No,Fiber optic,No,No,No,No,No,No,One year,Yes,Bank transfer (automatic),95.04000000000002,2689.4700000000003,96.05250000000001,0
Female,0,No,No,10,Yes,No,DSL,No,No,Yes,Yes,No,No,Month-to-month,No,Electronic check,73.23750000000001,787.05,78.705,0
Male,0,Yes,Yes,11,Yes,No,No,No internet service,No internet service,No internet service,No internet service,No internet service,No internet service,Month-to-month,No,Bank transfer (automatic),28.282500000000002,360.92250000000007,32.81113636363637,0
Male,1,Yes,No,72,Yes,Yes,Fiber optic,Yes,Yes,Yes,No,No,Yes,Two year,Yes,Credit card (automatic),138.57750000000001,10192.905,141.568125,0
Male,0,No,No,8,Yes,No,Fiber optic,No,No,No,No,No,No,Month-to-month,Yes,Mailed check,94.635,744.3225000000001,93.04031250000001,1
Male,1,No,No,69,Yes,No,No,No internet service,No internet service,No internet service,No internet service,No internet service,No internet service,Two year,No,Credit card (automatic),27.405,1831.0050000000003,26.536304347826093,0
Female,0,Yes,Yes,39,Yes,No,No,No internet service,No internet service,No internet service,No internet service,No internet service,No internet service,Two year,Yes,Bank transfer (automatic),26.797500000000003,1153.98,29.58923076923077,0
Male,0,Yes,Yes,67,No,No phone service,DSL,Yes,No,No,No,Yes,Yes,Two year,No,Credit card (automatic),68.715,4430.2275,66.12279850746269,0
Male,0,No,No,39,Yes,No,No,No internet service,No internet service,No internet service,No internet service,No internet service,No internet service,One year,No,Mailed check,26.865,1068.0525000000002,27.385961538461544,0
Male,0,Yes,Yes,54,Yes,Yes,DSL,Yes,Yes,No,Yes,No,No,Two year,Yes,Credit card (automatic),88.62750000000001,4815.045,89.1675,0
Female,0,No,No,1,Yes,Yes,Fiber optic,No,No,No,No,No,No,Month-to-month,Yes,Electronic check,100.575,100.575,100.575,1
Female,0,Yes,Yes,72,No,No phone service,DSL,No,Yes,Yes,Yes,Yes,Yes,Two year,Yes,Electronic check,81.0,5756.400000000001,79.95,0
Male,0,No,No,10,Yes,Yes,Fiber optic,Yes,No,No,No,Yes,Yes,Month-to-month,No,Electronic check,133.04250000000002,1361.5425000000002,136.15425000000002,1
Male,0,Yes,Yes,13,Yes,No,Fiber optic,No,No,Yes,No,Yes,Yes,Month-to-month,Yes,Mailed check,130.47750000000002,1569.8474999999999,120.7575,1
Female,0,No,No,35,Yes,No,Fiber optic,No,No,Yes,Yes,Yes,Yes,One year,Yes,Electronic check,133.9875,4768.200000000001,136.23428571428573,0
Male,0,Yes,Yes,12,No,No phone service,DSL,No,Yes,No,Yes,No,No,Month-to-month,No,Mailed check,47.925000000000004,583.5375,48.628125000000004,0
Male,0,Yes,No,31,Yes,Yes,Fiber optic,Yes,Yes,No,Yes,No,No,Month-to-month,Yes,Credit card (automatic),122.2425,3955.162500000001,127.58588709677421,0
Female,0,Yes,Yes,53,Yes,No,Fiber optic,No,Yes,Yes,Yes,Yes,Yes,Month-to-month,Yes,Bank transfer (automatic),146.13750000000002,8012.385,151.17707547169812,0
Male,0,No,No,1,Yes,No,No,No internet service,No internet service,No internet service,No internet service,No internet service,No internet service,Month-to-month,Yes,Mailed check,26.325000000000003,26.325000000000003,26.325000000000003,0
Male,0,No,No,30,Yes,No,No,No internet service,No internet service,No internet service,No internet service,No internet service,No internet service,One year,No,Mailed check,26.595000000000002,843.8175000000001,28.127250000000004,0
Female,0,No,No,46,Yes,No,Fiber optic,No,No,Yes,No,No,No,Month-to-month,Yes,Credit card (automatic),100.98,4790.205000000001,104.13489130434785,0
Female,0,Yes,No,19,Yes,Yes,Fiber optic,No,No,Yes,No,No,Yes,Month-to-month,No,Mailed check,121.02750000000002,2377.4175,125.12723684210526,1
Female,0,Yes,No,23,Yes,No,DSL,No,No,Yes,Yes,No,No,Month-to-month,No,Electronic check,73.23750000000001,1649.0925000000002,71.69967391304348,0
Female,1,No,No,15,Yes,Yes,DSL,No,No,No,Yes,No,No,Month-to-month,No,Credit card (automatic),74.25,1022.0850000000002,68.13900000000001,1
Male,0,No,No,48,Yes,No,No,No internet service,No internet service,No internet service,No internet service,No internet service,No internet service,Two year,No,Credit card (automatic),27.2025,1326.9825,27.64546875,0
Male,0,No,Yes,25,Yes,No,Fiber optic,No,Yes,No,No,Yes,Yes,Month-to-month,Yes,Electronic check,129.465,3305.8125000000005,132.23250000000002,1
Male,0,No,No,52,Yes,No,Fiber optic,No,Yes,Yes,Yes,Yes,Yes,One year,Yes,Bank transfer (automatic),141.75,7326.2475,140.889375,1
Male,0,No,No,12,Yes,No,Fiber optic,Yes,No,Yes,No,No,No,Month-to-month,No,Bank transfer (automatic),110.29500000000002,1159.1100000000001,96.5925,1
Female,0,No,No,48,Yes,Yes,No,No internet service,No internet service,No internet service,No internet service,No internet service,No internet service,One year,No,Bank transfer (automatic),33.142500000000005,1625.3324999999998,33.861093749999995,0
Female,0,No,No,38,Yes,No,No,No internet service,No internet service,No internet service,No internet service,No internet service,No internet service,Two year,No,Mailed check,27.067500000000003,1001.0249999999999,26.342763157894733,0
Female,0,No,No,18,No,No phone service,DSL,No,No,Yes,Yes,No,No,Month-to-month,Yes,Electronic check,47.52000000000001,819.855,45.5475,0
Female,0,Yes,No,45,Yes,No,DSL,No,No,Yes,No,No,No,Month-to-month,Yes,Credit card (automatic),67.8375,2999.0925,66.6465,0
Male,0,No,No,12,Yes,Yes,Fiber optic,No,No,Yes,No,Yes,No,Month-to-month,Yes,Electronic check,120.8925,1379.3625000000002,114.946875,0
Female,1,No,No,66,Yes,Yes,Fiber optic,Yes,No,No,No,Yes,Yes,Two year,Yes,Bank transfer (automatic),138.24,8736.997500000001,132.37875000000003,0
Female,0,No,No,72,Yes,No,No,No internet service,No internet service,No internet service,No internet service,No internet service,No internet service,Two year,No,Credit card (automatic),27.337500000000002,2115.3150000000005,29.379375000000007,0
Female,0,No,No,70,No,No phone service,DSL,Yes,Yes,Yes,Yes,No,No,Two year,Yes,Bank transfer (automatic),60.21000000000001,4128.5025000000005,58.97860714285715,0
Female,0,Yes,No,27,Yes,Yes,Fiber optic,No,No,Yes,No,No,Yes,Month-to-month,No,Bank transfer (automatic),121.70250000000001,3271.5900000000006,121.17000000000002,0
Male,0,No,No,1,Yes,No,No,No internet service,No internet service,No internet service,No internet service,No internet service,No internet service,Month-to-month,No,Mailed check,27.0,27.0,27.0,0
Male,1,Yes,No,13,Yes,Yes,Fiber optic,No,No,No,No,Yes,Yes,Month-to-month,Yes,Electronic check,128.5875,1665.4275,128.1098076923077,1
Female,0,Yes,Yes,65,Yes,Yes,DSL,Yes,Yes,Yes,Yes,Yes,Yes,Two year,Yes,Mailed check,122.10750000000002,8043.165,123.741,0
Female,0,Yes,Yes,14,Yes,No,Fiber optic,No,No,No,No,No,No,Month-to-month,No,Electronic check,94.77000000000001,1412.775,100.91250000000001,0
Female,0,Yes,Yes,17,Yes,Yes,Fiber optic,No,No,No,No,No,Yes,Month-to-month,Yes,Electronic check,115.35750000000002,1959.6599999999999,115.27411764705882,1
Female,0,No,No,31,Yes,No,No,No internet service,No internet service,No internet service,No internet service,No internet service,No internet service,One year,No,Mailed check,28.282500000000002,922.3874999999999,29.754435483870967,0
Male,0,Yes,Yes,24,Yes,Yes,No,No internet service,No internet service,No internet service,No internet service,No internet service,No internet service,Two year,No,Mailed check,32.67,822.2175,34.2590625,0
Female,0,No,No,3,Yes,No,No,No internet service,No internet service,No internet service,No internet service,No internet service,No internet service,Month-to-month,No,Electronic check,27.27,89.0325,29.6775,0
Male,0,No,No,17,Yes,No,Fiber optic,No,No,Yes,No,No,No,Month-to-month,Yes,Electronic check,103.47750000000002,1773.2925,104.31132352941177,1
Male,0,No,No,66,Yes,Yes,DSL,Yes,Yes,Yes,Yes,No,No,Two year,No,Bank transfer (automatic),92.8125,6004.192500000001,90.97261363636365,0
Male,0,Yes,No,45,Yes,No,DSL,Yes,No,Yes,No,No,No,Two year,No,Credit card (automatic),71.955,3099.9375,68.8875,0
Male,0,Yes,No,35,Yes,Yes,Fiber optic,No,No,No,Yes,Yes,No,Month-to-month,Yes,Credit card (automatic),123.525,4369.072500000001,124.83064285714288,0
Male,0,No,Yes,40,No,No phone service,DSL,Yes,Yes,No,Yes,No,No,One year,No,Mailed check,54.337500000000006,2111.4675,52.786687500000006,0
Female,0,No,No,10,Yes,No,Fiber optic,Yes,No,No,No,Yes,No,Month-to-month,Yes,Mailed check,114.34500000000001,1123.2675,112.32675,1
Female,0,Yes,No,52,Yes,No,DSL,Yes,No,Yes,No,Yes,No,One year,Yes,Mailed check,86.805,4604.3099999999995,88.54442307692307,0
Female,0,No,No,13,Yes,No,No,No internet service,No internet service,No internet service,No internet service,No internet service,No internet service,Month-to-month,No,Credit card (automatic),26.2575,313.33500000000004,24.10269230769231,0
Female,1,No,No,43,Yes,Yes,Fiber optic,No,Yes,No,No,Yes,No,Month-to-month,Yes,Electronic check,121.8375,5182.3125,120.5188953488372,0
Female,0,No,No,41,Yes,No,No,No internet service,No internet service,No internet service,No internet service,No internet service,No internet service,Month-to-month,No,Electronic check,27.6075,1047.0600000000002,25.53804878048781,0
Female,1,No,No,52,No,No phone service,DSL,No,Yes,Yes,Yes,Yes,No,Month-to-month,Yes,Electronic check,68.17500000000001,3464.505,66.62509615384616,0
Female,0,Yes,No,71,Yes,Yes,DSL,Yes,Yes,Yes,Yes,Yes,Yes,Two year,No,Credit card (automatic),125.82000000000001,8783.3025,123.70848591549296,0
Male,0,No,No,61,Yes,Yes,Fiber optic,Yes,No,Yes,No,Yes,Yes,Month-to-month,Yes,Electronic check,143.7075,8505.2025,139.42954918032785,0
Female,0,No,No,26,No,No phone service,DSL,No,No,Yes,Yes,Yes,No,Month-to-month,Yes,Credit card (automatic),60.00750000000001,1598.13,61.46653846153846,0
Male,0,Yes,Yes,72,Yes,No,DSL,Yes,Yes,No,Yes,Yes,No,Two year,No,Bank transfer (automatic),92.34000000000002,6554.722500000001,91.03781250000002,0
Female,0,No,No,42,Yes,Yes,DSL,No,No,Yes,Yes,Yes,Yes,Two year,Yes,Credit card (automatic),105.90750000000001,4554.090000000001,108.4307142857143,0
Female,0,Yes,Yes,57,Yes,Yes,DSL,Yes,Yes,No,Yes,No,No,Month-to-month,No,Bank transfer (automatic),88.02000000000001,4978.597500000001,87.3438157894737,0
Male,0,Yes,Yes,9,Yes,No,No,No internet service,No internet service,No internet service,No internet service,No internet service,No internet service,Two year,No,Mailed check,26.460000000000004,266.49,29.610000000000003,0
Female,0,No,No,9,Yes,No,Fiber optic,No,No,No,No,No,No,Month-to-month,No,Electronic check,95.85000000000001,907.9425000000001,100.88250000000001,1
Male,0,Yes,No,33,Yes,No,DSL,No,No,No,No,No,No,Month-to-month,Yes,Credit card (automatic),60.1425,1974.51,59.833636363636366,0
Male,0,No,No,1,Yes,No,No,No internet service,No internet service,No internet service,No internet service,No internet service,No internet service,Month-to-month,No,Mailed check,26.2575,26.2575,26.2575,0
Female,0,No,No,7,Yes,No,Fiber optic,No,No,No,No,Yes,No,Month-to-month,Yes,Electronic check,106.65,705.9825000000002,100.85464285714288,1
Male,0,No,No,1,Yes,No,Fiber optic,No,No,No,No,No,No,Month-to-month,Yes,Mailed check,96.5925,96.5925,96.5925,1
Male,0,Yes,Yes,65,Yes,No,No,No internet service,No internet service,No internet service,No internet service,No internet service,No internet service,Two year,No,Mailed check,26.865,1745.0100000000002,26.846307692307697,0
Male,0,No,No,10,Yes,Yes,Fiber optic,No,No,No,No,Yes,No,Month-to-month,Yes,Bank transfer (automatic),116.1675,1126.0349999999999,112.6035,1
Male,0,Yes,No,70,Yes,Yes,Fiber optic,No,Yes,Yes,No,Yes,No,One year,Yes,Bank transfer (automatic),128.25,8913.914999999999,127.34164285714284,0
Female,0,No,No,29,Yes,Yes,Fiber optic,No,No,Yes,No,Yes,Yes,Month-to-month,Yes,Credit card (automatic),133.11,3959.82,136.54551724137932,1
Male,0,Yes,Yes,21,Yes,Yes,Fiber optic,No,Yes,Yes,No,Yes,Yes,Month-to-month,No,Electronic check,140.94000000000003,2913.2325,138.72535714285715,1
Male,0,Yes,No,1,Yes,No,Fiber optic,No,No,No,No,Yes,Yes,Month-to-month,Yes,Electronic check,122.5125,122.5125,122.5125,1
Male,0,No,No,5,Yes,No,No,No internet service,No internet service,No internet service,No internet service,No internet service,No internet service,Month-to-month,No,Mailed check,27.337500000000002,148.23000000000002,29.646000000000004,0
Male,0,Yes,No,56,Yes,No,Fiber optic,No,No,No,No,Yes,Yes,Month-to-month,No,Mailed check,121.09500000000001,6686.4825,119.40147321428572,0
Male,0,No,Yes,35,Yes,No,Fiber optic,No,No,Yes,No,Yes,No,One year,Yes,Electronic check,114.95250000000001,4091.3100000000004,116.89457142857144,1
Male,0,Yes,Yes,10,Yes,No,No,No internet service,No internet service,No internet service,No internet service,No internet service,No internet service,One year,No,Mailed check,27.6075,327.23999999999995,32.724,0
Female,0,No,No,31,No,No phone service,DSL,Yes,Yes,No,Yes,No,Yes,Two year,Yes,Bank transfer (automatic),67.2975,2052.135,66.19790322580646,0
Male,1,Yes,No,37,Yes,Yes,Fiber optic,No,No,No,No,Yes,No,Month-to-month,Yes,Electronic check,115.69500000000001,4281.052500000001,115.70412162162164,1
Male,1,Yes,No,57,Yes,Yes,Fiber optic,No,Yes,Yes,No,No,Yes,Month-to-month,Yes,Bank transfer (automatic),128.5875,7326.517500000002,128.53539473684214,1
Female,0,Yes,Yes,34,Yes,Yes,No,No internet service,No internet service,No internet service,No internet service,No internet service,No internet service,One year,Yes,Credit card (automatic),34.56,1238.1525000000001,36.416250000000005,0
Female,0,No,No,3,Yes,No,Fiber optic,Yes,No,Yes,No,Yes,Yes,Month-to-month,Yes,Credit card (automatic),133.65,387.99,129.33,1
Female,0,No,No,4,Yes,No,Fiber optic,No,No,Yes,No,No,Yes,Month-to-month,Yes,Credit card (automatic),111.8475,431.46000000000004,107.86500000000001,0
Female,0,No,No,54,Yes,No,No,No internet service,No internet service,No internet service,No internet service,No internet service,No internet service,Two year,Yes,Mailed check,27.675,1398.1950000000002,25.892500000000002,0
Male,0,No,Yes,6,Yes,No,No,No internet service,No internet service,No internet service,No internet service,No internet service,No internet service,Month-to-month,No,Mailed check,26.595000000000002,150.7275,25.12125,0
Male,0,Yes,No,22,Yes,No,DSL,Yes,No,No,No,Yes,No,One year,Yes,Bank transfer (automatic),80.66250000000001,1855.3725000000002,84.33511363636364,0
Male,0,No,No,23,Yes,Yes,Fiber optic,No,No,Yes,Yes,Yes,No,Month-to-month,Yes,Credit card (automatic),130.81500000000003,2815.3574999999996,122.40684782608693,0
Female,0,Yes,No,68,Yes,Yes,DSL,Yes,No,No,Yes,No,No,One year,No,Bank transfer (automatic),78.6375,5367.195,78.92933823529411,0
Female,0,Yes,Yes,48,Yes,No,No,No internet service,No internet service,No internet service,No internet service,No internet service,No internet service,Two year,No,Mailed check,27.0,1263.465,26.3221875,0
Male,0,Yes,Yes,34,Yes,No,No,No internet service,No internet service,No internet service,No internet service,No internet service,No internet service,Month-to-month,No,Mailed check,28.080000000000002,858.465,25.248970588235295,0
Female,0,No,No,41,Yes,No,DSL,Yes,No,Yes,Yes,Yes,Yes,One year,Yes,Bank transfer (automatic),107.7975,4483.012500000001,109.34176829268294,0
Male,0,No,No,9,Yes,Yes,Fiber optic,No,No,No,No,No,No,Month-to-month,Yes,Electronic check,102.3975,978.2775,108.6975,0
Female,1,No,No,18,Yes,Yes,Fiber optic,No,Yes,No,Yes,Yes,Yes,Month-to-month,Yes,Credit card (automatic),139.86,2438.5724999999998,135.47625,0
Male,0,No,No,35,Yes,Yes,Fiber optic,No,No,Yes,Yes,Yes,No,Month-to-month,No,Electronic check,128.925,4614.569999999999,131.8448571428571,0
Male,0,Yes,Yes,55,Yes,No,Fiber optic,No,Yes,No,Yes,No,No,Month-to-month,No,Electronic check,107.19000000000001,5721.9075,104.03468181818182,0
Male,0,No,No,54,Yes,Yes,Fiber optic,Yes,Yes,No,Yes,Yes,Yes,Two year,Yes,Credit card (automatic),145.8,7776.8775000000005,144.01625,0
Female,1,No,No,2,Yes,Yes,Fiber optic,No,No,Yes,No,No,No,Month-to-month,Yes,Electronic check,106.0425,201.89250000000004,100.94625000000002,1
Male,0,Yes,No,52,Yes,No,Fiber optic,Yes,Yes,Yes,Yes,Yes,Yes,Two year,Yes,Electronic check,143.505,7407.45,142.45096153846154,0
Male,0,No,No,72,Yes,Yes,DSL,Yes,Yes,Yes,Yes,No,No,Two year,No,Bank transfer (automatic),94.02750000000002,6626.137500000001,92.02968750000001,0
Male,0,Yes,No,9,Yes,No,DSL,No,No,Yes,No,Yes,Yes,Month-to-month,Yes,Mailed check,94.5675,761.9399999999999,84.66,0
Female,0,Yes,Yes,3,Yes,No,Fiber optic,No,No,No,No,No,No,Month-to-month,Yes,Electronic check,93.8925,270.27,90.09,0
Male,1,No,No,4,Yes,No,Fiber optic,Yes,No,No,No,No,No,Month-to-month,No,Electronic check,101.7225,369.09,92.2725,0
Male,0,Yes,Yes,69,Yes,No,DSL,Yes,Yes,Yes,Yes,Yes,No,Two year,Yes,Bank transfer (automatic),102.2625,7274.0025,105.42032608695652,0
Female,0,Yes,Yes,67,No,No phone service,DSL,Yes,No,No,Yes,No,No,Two year,No,Credit card (automatic),48.19500000000001,3436.6949999999997,51.293955223880594,0
Male,0,No,No,4,Yes,No,Fiber optic,No,No,No,No,No,Yes,Month-to-month,Yes,Electronic check,107.86500000000001,437.80500000000006,109.45125000000002,1
Male,0,No,No,13,No,No phone service,DSL,Yes,No,No,Yes,Yes,No,Month-to-month,Yes,Credit card (automatic),61.4925,805.95,61.996153846153845,1
Female,0,Yes,Yes,45,Yes,No,DSL,Yes,No,Yes,Yes,Yes,Yes,Two year,Yes,Mailed check,109.35000000000001,4770.36,106.008,0
Male,0,No,No,68,Yes,Yes,Fiber optic,Yes,Yes,Yes,No,Yes,No,One year,No,Bank transfer (automatic),136.8225,9599.5125,141.16930147058824,0
Female,0,Yes,Yes,69,Yes,Yes,DSL,Yes,Yes,No,Yes,Yes,No,One year,No,Credit card (automatic),99.495,6595.897500000001,95.59271739130436,0
Female,0,No,No,70,No,No phone service,DSL,Yes,No,Yes,Yes,Yes,Yes,Two year,Yes,Bank transfer (automatic),78.77250000000001,5689.2375,81.27482142857143,0
Female,0,No,No,1,Yes,No,No,No internet service,No internet service,No internet service,No internet service,No internet service,No internet service,Month-to-month,Yes,Mailed check,26.865,26.865,26.865,1
Female,0,Yes,Yes,45,Yes,Yes,No,No internet service,No internet service,No internet service,No internet service,No internet service,No internet service,One year,Yes,Credit card (automatic),34.965,1642.4100000000003,36.498000000000005,0
Female,0,No,Yes,37,Yes,No,No,No internet service,No internet service,No internet service,No internet service,No internet service,No internet service,One year,No,Bank transfer (automatic),27.405,1019.7900000000001,27.561891891891893,0
Female,0,No,Yes,10,No,No phone service,DSL,Yes,Yes,No,Yes,No,No,One year,No,Mailed check,54.337500000000006,555.4575000000001,55.545750000000005,0
Female,0,No,Yes,1,Yes,No,Fiber optic,No,No,No,No,Yes,Yes,Month-to-month,Yes,Electronic check,120.6225,120.6225,120.6225,0
Male,0,Yes,Yes,29,Yes,Yes,DSL,Yes,No,No,Yes,Yes,No,One year,No,Bank transfer (automatic),93.2175,2643.9075000000007,91.16922413793105,0
Male,1,Yes,Yes,72,Yes,No,Fiber optic,Yes,No,Yes,Yes,Yes,Yes,Two year,Yes,Credit card (automatic),140.535,10054.395000000002,139.64437500000003,0
Female,0,No,No,2,Yes,Yes,Fiber optic,No,No,No,No,No,No,Month-to-month,Yes,Electronic check,102.46500000000002,193.5225,96.76125,1
Male,0,Yes,No,24,Yes,No,DSL,Yes,No,No,Yes,No,No,Month-to-month,No,Mailed check,72.36000000000001,1775.7225,73.9884375,0
Female,0,No,No,4,Yes,No,Fiber optic,No,No,No,No,No,Yes,Month-to-month,Yes,Electronic check,106.85250000000002,428.2875,107.071875,1
Male,0,Yes,No,72,Yes,No,No,No internet service,No internet service,No internet service,No internet service,No internet service,No internet service,Two year,No,Credit card (automatic),26.055000000000003,1761.48,24.465,0
Female,0,No,No,11,Yes,Yes,Fiber optic,Yes,No,No,No,No,No,Month-to-month,Yes,Bank transfer (automatic),106.65,1254.555,114.05045454545456,0
Female,0,No,Yes,44,Yes,No,No,No internet service,No internet service,No internet service,No internet service,No internet service,No internet service,Two year,No,Mailed check,26.865,1171.935,26.63488636363636,0
Male,0,Yes,Yes,62,Yes,No,No,No internet service,No internet service,No internet service,No internet service,No internet service,No internet service,Two year,No,Bank transfer (automatic),27.6075,1751.4225000000001,28.24875,0
Male,0,Yes,Yes,70,Yes,Yes,No,No internet service,No internet service,No internet service,No internet service,No internet service,No internet service,Two year,No,Mailed check,34.29,2405.7675000000004,34.36810714285715,0
Female,1,No,No,1,No,No phone service,DSL,No,No,No,No,No,No,Month-to-month,No,Mailed check,33.8175,33.8175,33.8175,1
Female,0,No,No,4,Yes,No,Fiber optic,No,Yes,Yes,Yes,Yes,Yes,One year,Yes,Electronic check,142.62750000000003,599.265,149.81625,1
Female,1,No,No,2,Yes,Yes,Fiber optic,No,No,No,No,Yes,No,Month-to-month,Yes,Electronic check,115.4925,253.0575,126.52875,1
Female,0,No,No,41,Yes,Yes,DSL,No,Yes,No,No,No,No,One year,Yes,Credit card (automatic),76.005,3191.4,77.8390243902439,0
Female,1,No,No,1,Yes,No,No,No internet service,No internet service,No internet service,No internet service,No internet service,No internet service,Month-to-month,Yes,Electronic check,26.2575,26.2575,26.2575,1
Male,1,Yes,No,72,Yes,Yes,DSL,Yes,Yes,Yes,No,Yes,Yes,Two year,Yes,Credit card (automatic),113.535,8075.227500000001,112.15593750000001,0
Female,0,Yes,No,63,Yes,Yes,Fiber optic,No,Yes,Yes,Yes,Yes,Yes,Two year,Yes,Bank transfer (automatic),147.4875,9235.89,146.60142857142856,0
Male,0,No,No,68,Yes,No,Fiber optic,No,Yes,Yes,No,No,No,One year,No,Credit card (automatic),107.46,7372.9575,108.4258455882353,0
Female,1,No,No,59,Yes,Yes,Fiber optic,No,No,Yes,No,Yes,Yes,One year,Yes,Electronic check,134.32500000000002,7951.500000000001,134.77118644067798,0
Male,1,No,No,52,No,No phone service,DSL,Yes,No,No,No,Yes,Yes,Month-to-month,Yes,Credit card (automatic),65.88,3449.3175,66.33302884615385,0
Male,1,Yes,Yes,26,Yes,Yes,Fiber optic,No,Yes,Yes,No,Yes,Yes,Month-to-month,No,Electronic check,142.76250000000002,3658.8375,140.72451923076923,1
Male,0,Yes,No,66,No,No phone service,DSL,Yes,Yes,Yes,Yes,Yes,No,Two year,Yes,Bank transfer (automatic),76.41000000000001,5115.42,77.50636363636363,0
Female,1,Yes,No,56,Yes,Yes,Fiber optic,Yes,Yes,Yes,Yes,No,No,One year,No,Electronic check,129.12750000000003,7386.862500000001,131.90825892857146,0
Female,0,Yes,No,72,Yes,Yes,DSL,Yes,Yes,Yes,Yes,Yes,No,Two year,No,Credit card (automatic),106.92000000000002,7292.5650000000005,101.28562500000001,0
Male,1,Yes,No,2,Yes,No,Fiber optic,No,No,No,No,No,No,Month-to-month,No,Electronic check,94.635,191.22750000000002,95.61375000000001,0
Male,0,No,No,68,Yes,Yes,Fiber optic,Yes,Yes,Yes,Yes,Yes,Yes,One year,Yes,Credit card (automatic),158.22000000000003,10848.532500000001,159.53724264705883,0
Male,0,Yes,Yes,61,Yes,No,DSL,Yes,Yes,Yes,Yes,Yes,Yes,One year,No,Bank transfer (automatic),114.61500000000001,7107.075,116.5094262295082,0
Male,0,No,No,1,Yes,No,No,No internet service,No internet service,No internet service,No internet service,No internet service,No internet service,Month-to-month,No,Mailed check,27.067500000000003,27.067500000000003,27.067500000000003,0
Male,0,No,No,2,Yes,No,No,No internet service,No internet service,No internet service,No internet service,No internet service,No internet service,Month-to-month,Yes,Credit card (automatic),26.865,45.495000000000005,22.747500000000002,0
Female,0,No,No,2,Yes,No,No,No internet service,No internet service,No internet service,No internet service,No internet service,No internet service,Month-to-month,No,Mailed check,26.325000000000003,42.5925,21.29625,1
Male,1,Yes,Yes,68,Yes,Yes,Fiber optic,No,Yes,Yes,No,No,No,Month-to-month,Yes,Electronic check,114.27750000000002,7672.8600000000015,112.83617647058826,0
Male,0,No,No,9,Yes,No,DSL,Yes,No,Yes,Yes,No,Yes,Month-to-month,Yes,Bank transfer (automatic),92.1375,778.8825,86.5425,0
Male,0,No,No,13,Yes,No,Fiber optic,No,No,Yes,No,Yes,No,Month-to-month,Yes,Electronic check,112.32000000000001,1431.81,110.13923076923076,1
Female,0,No,No,22,Yes,No,No,No internet service,No internet service,No internet service,No internet service,No internet service,No internet service,Month-to-month,Yes,Mailed check,27.067500000000003,634.77,28.853181818181817,0
Male,0,No,Yes,66,Yes,Yes,No,No internet service,No internet service,No internet service,No internet service,No internet service,No internet service,Two year,Yes,Credit card (automatic),34.155,2259.6299999999997,34.23681818181818,0
Male,0,No,Yes,8,Yes,No,No,No internet service,No internet service,No internet service,No internet service,No internet service,No internet service,Month-to-month,No,Mailed check,27.472500000000004,241.245,30.155625,0
Male,0,Yes,Yes,2,Yes,No,Fiber optic,No,No,No,No,No,No,Month-to-month,No,Mailed check,94.4325,194.26500000000001,97.13250000000001,0
Male,0,Yes,No,3,Yes,No,DSL,No,No,Yes,Yes,No,No,Month-to-month,Yes,Mailed check,75.33,208.64250000000004,69.54750000000001,0
Male,0,No,No,5,Yes,Yes,Fiber optic,No,No,Yes,No,Yes,No,Month-to-month,Yes,Electronic check,124.87500000000001,611.1450000000001,122.22900000000001,1
Male,0,No,No,13,Yes,No,No,No internet service,No internet service,No internet service,No internet service,No internet service,No internet service,Two year,No,Credit card (automatic),27.0,362.4075,27.8775,0
Male,0,Yes,Yes,53,Yes,No,DSL,No,Yes,No,Yes,Yes,No,Month-to-month,No,Credit card (automatic),87.75,4541.130000000001,85.68169811320756,0
Male,0,Yes,No,3,Yes,No,No,No internet service,No internet service,No internet service,No internet service,No internet service,No internet service,Month-to-month,No,Bank transfer (automatic),27.0,67.0275,22.3425,0
Male,0,No,No,46,Yes,Yes,Fiber optic,No,Yes,Yes,No,Yes,No,One year,Yes,Credit card (automatic),128.115,5970.9825,129.80396739130435,0
Female,0,No,No,39,No,No phone service,DSL,Yes,Yes,No,Yes,No,No,One year,Yes,Bank transfer (automatic),54.405,2201.04,56.43692307692308,0
Female,0,Yes,Yes,30,Yes,Yes,Fiber optic,No,Yes,Yes,Yes,Yes,Yes,Month-to-month,Yes,Electronic check,145.125,4377.375,145.9125,0
Female,0,No,No,23,Yes,Yes,Fiber optic,No,Yes,No,No,Yes,Yes,Month-to-month,Yes,Credit card (automatic),133.245,3036.2849999999994,132.0123913043478,0
Male,0,No,Yes,40,Yes,No,No,No internet service,No internet service,No internet service,No internet service,No internet service,No internet service,One year,Yes,Bank transfer (automatic),27.54,1154.115,28.852875,0
Female,0,No,No,45,Yes,No,DSL,Yes,Yes,No,Yes,No,No,One year,Yes,Credit card (automatic),84.4425,3775.2075,83.8935,0
Male,0,No,No,53,Yes,No,No,No internet service,No internet service,No internet service,No internet service,No internet service,No internet service,Two year,No,Bank transfer (automatic),26.5275,1320.3000000000002,24.911320754716986,0
Female,1,Yes,No,72,Yes,Yes,Fiber optic,Yes,Yes,Yes,No,Yes,Yes,Two year,Yes,Electronic check,151.74,10863.247500000001,150.87843750000002,0
Male,0,Yes,Yes,28,Yes,No,No,No internet service,No internet service,No internet service,No internet service,No internet service,No internet service,Two year,Yes,Credit card (automatic),27.405,658.7325000000001,23.526160714285716,0
Female,0,No,No,49,Yes,No,DSL,Yes,Yes,Yes,Yes,No,No,Two year,No,Bank transfer (automatic),90.99000000000001,4464.2475,91.1070918367347,0
Male,0,Yes,No,1,Yes,Yes,Fiber optic,No,No,No,No,No,No,Month-to-month,Yes,Bank transfer (automatic),100.71,100.71,100.71,1
Female,0,Yes,No,20,Yes,No,Fiber optic,No,No,Yes,Yes,No,No,Month-to-month,Yes,Mailed check,109.35000000000001,2272.9950000000003,113.64975000000001,0
Female,0,Yes,Yes,53,Yes,No,DSL,No,No,Yes,No,No,Yes,One year,No,Credit card (automatic),81.81,4450.95,83.98018867924529,0
Male,0,Yes,No,67,Yes,No,DSL,Yes,Yes,No,Yes,No,Yes,Two year,Yes,Credit card (automatic),93.42000000000002,6306.727499999999,94.13026119402984,0
Male,0,No,No,11,Yes,No,Fiber optic,No,No,No,Yes,No,No,Month-to-month,Yes,Electronic check,99.6975,1250.4375,113.67613636363637,1
Female,0,Yes,Yes,52,Yes,No,Fiber optic,No,Yes,Yes,Yes,No,No,Month-to-month,No,Bank transfer (automatic),115.83,5984.955000000001,115.09528846153847,0
Female,0,No,No,1,Yes,No,Fiber optic,No,No,No,No,Yes,Yes,Month-to-month,No,Electronic check,122.2425,122.2425,122.2425,1
Female,0,No,No,48,Yes,No,DSL,Yes,Yes,No,No,No,No,Two year,No,Credit card (automatic),74.92500000000001,3546.9225000000006,73.89421875000001,0
Female,0,No,No,7,Yes,Yes,Fiber optic,No,No,No,No,No,No,Month-to-month,No,Mailed check,101.85750000000002,649.0125,92.71607142857144,1
Male,0,Yes,Yes,7,Yes,No,DSL,Yes,No,Yes,Yes,No,Yes,Month-to-month,Yes,Credit card (automatic),96.3225,696.2625,99.46607142857144,0
Female,0,No,Yes,12,Yes,Yes,Fiber optic,No,No,No,No,Yes,No,Month-to-month,Yes,Electronic check,113.4675,1304.8425000000002,108.73687500000001,0
Male,0,No,No,40,Yes,Yes,No,No internet service,No internet service,No internet service,No internet service,No internet service,No internet service,Two year,Yes,Mailed check,33.21,1314.8325000000002,32.87081250000001,0
Male,0,No,No,55,Yes,Yes,DSL,No,No,Yes,No,Yes,Yes,Two year,Yes,Bank transfer (automatic),105.03,5836.522500000001,106.11859090909093,0
Female,0,No,No,20,Yes,No,No,No internet service,No internet service,No internet service,No internet service,No internet service,No internet service,One year,No,Mailed check,26.325000000000003,544.2524999999999,27.212625,0
Male,0,No,No,1,No,No phone service,DSL,No,No,No,No,No,Yes,Month-to-month,Yes,Electronic check,47.9925,47.9925,47.9925,1
Female,0,Yes,Yes,72,Yes,Yes,DSL,Yes,No,Yes,Yes,Yes,Yes,Two year,Yes,Bank transfer (automatic),113.67000000000002,8081.842500000001,112.24781250000001,0
Male,0,Yes,No,63,Yes,No,Fiber optic,Yes,Yes,Yes,Yes,Yes,Yes,Two year,Yes,Credit card (automatic),148.635,9052.695,143.69357142857143,0
Female,0,Yes,No,70,No,No phone service,DSL,Yes,Yes,Yes,Yes,Yes,Yes,Two year,No,Bank transfer (automatic),87.1425,6081.615,86.88021428571429,0
Female,0,No,No,8,Yes,No,DSL,No,No,Yes,Yes,No,Yes,Month-to-month,No,Mailed check,86.535,680.4675000000001,85.05843750000001,0
Female,0,No,No,1,Yes,No,DSL,No,No,No,No,No,No,Month-to-month,Yes,Electronic check,61.627500000000005,61.627500000000005,61.627500000000005,1
Male,0,No,No,16,Yes,No,No,No internet service,No internet service,No internet service,No internet service,No internet service,No internet service,Two year,No,Mailed check,26.6625,383.87250000000006,23.992031250000004,0
Female,0,No,Yes,11,No,No phone service,DSL,No,No,No,No,No,No,Month-to-month,No,Electronic check,34.02,433.41750000000013,39.40159090909092,0
Male,0,No,No,11,Yes,No,Fiber optic,No,Yes,No,No,No,No,Month-to-month,No,Electronic check,101.1825,1100.9250000000002,100.08409090909092,1
Female,0,No,Yes,41,Yes,Yes,Fiber optic,No,Yes,No,No,Yes,No,Month-to-month,Yes,Bank transfer (automatic),119.47500000000001,4920.8175,120.01993902439025,0
Male,0,No,Yes,14,Yes,No,DSL,Yes,Yes,Yes,Yes,No,Yes,Two year,No,Bank transfer (automatic),102.735,1423.98,101.71285714285715,0
Female,0,No,No,61,Yes,Yes,DSL,No,Yes,Yes,Yes,Yes,Yes,Two year,No,Credit card (automatic),119.67750000000001,7183.6875,117.76536885245902,0
Female,0,No,No,20,Yes,No,Fiber optic,Yes,No,Yes,No,Yes,No,Month-to-month,Yes,Bank transfer (automatic),120.69000000000001,2526.0525000000002,126.30262500000002,0
Female,0,No,No,47,Yes,Yes,Fiber optic,No,Yes,Yes,No,Yes,Yes,Month-to-month,Yes,Electronic check,143.64000000000001,6922.732499999999,147.29218085106382,1
Male,0,Yes,Yes,2,Yes,No,DSL,Yes,Yes,No,Yes,No,No,Two year,No,Mailed check,80.325,176.175,88.0875,0
Male,0,Yes,Yes,41,Yes,No,DSL,Yes,Yes,Yes,No,No,No,One year,Yes,Bank transfer (automatic),81.405,3390.2550000000006,82.68914634146343,0
Female,0,Yes,No,72,Yes,Yes,No,No internet service,No internet service,No internet service,No internet service,No internet service,No internet service,Two year,Yes,Bank transfer (automatic),34.087500000000006,2485.62,34.5225,0
Female,0,Yes,Yes,72,Yes,Yes,DSL,Yes,Yes,Yes,Yes,Yes,No,Two year,No,Bank transfer (automatic),108.27000000000001,7714.17,107.14125,0
Female,0,No,No,46,Yes,No,Fiber optic,Yes,Yes,Yes,No,Yes,No,One year,Yes,Credit card (automatic),129.12750000000003,6296.67,136.8841304347826,0
Male,0,No,No,1,Yes,No,No,No internet service,No internet service,No internet service,No internet service,No internet service,No internet service,Month-to-month,No,Mailed check,26.730000000000004,26.730000000000004,26.730000000000004,1
Male,0,No,Yes,29,No,No phone service,DSL,Yes,Yes,Yes,Yes,No,No,Month-to-month,Yes,Mailed check,60.75000000000001,1677.3075,57.838189655172414,0
Female,0,No,No,37,Yes,Yes,Fiber optic,No,No,Yes,No,Yes,Yes,Month-to-month,Yes,Electronic check,135.0675,5144.242500000001,139.0335810810811,0
Male,0,No,No,19,Yes,No,DSL,No,No,No,Yes,Yes,No,Month-to-month,Yes,Credit card (automatic),83.0925,1475.8200000000002,77.67473684210528,0
Female,0,Yes,Yes,49,Yes,No,DSL,No,Yes,Yes,No,Yes,Yes,One year,No,Credit card (automatic),105.30000000000001,5162.67,105.36061224489796,0
Male,0,No,Yes,13,Yes,No,DSL,No,No,No,No,No,No,Month-to-month,No,Mailed check,59.400000000000006,890.1225,68.47096153846154,0
Female,0,No,No,22,Yes,No,DSL,Yes,No,No,No,No,No,Month-to-month,Yes,Electronic check,67.23,1416.2175,64.37352272727273,0
Female,1,No,No,53,Yes,No,Fiber optic,Yes,Yes,No,Yes,No,Yes,One year,Yes,Mailed check,130.6125,7028.842500000002,132.6196698113208,0
Male,0,No,No,24,Yes,No,DSL,Yes,No,No,No,No,No,Month-to-month,Yes,Bank transfer (automatic),66.8925,1634.0400000000002,68.08500000000001,1
Female,0,No,No,37,Yes,No,No,No internet service,No internet service,No internet service,No internet service,No internet service,No internet service,Two year,No,Mailed check,26.730000000000004,1097.955,29.67445945945946,0
Male,0,Yes,Yes,6,Yes,No,DSL,No,Yes,Yes,No,No,No,Month-to-month,Yes,Mailed check,74.655,437.73749999999995,72.95625,1
Female,0,No,No,7,Yes,Yes,Fiber optic,Yes,No,No,No,No,No,Month-to-month,Yes,Mailed check,107.52750000000002,816.3450000000001,116.6207142857143,1
Female,0,Yes,Yes,12,Yes,No,No,No internet service,No internet service,No internet service,No internet service,No internet service,No internet service,One year,No,Bank transfer (automatic),26.730000000000004,309.96000000000004,25.830000000000002,1
Female,0,Yes,No,71,Yes,Yes,No,No internet service,No internet service,No internet service,No internet service,No internet service,No internet service,Two year,No,Bank transfer (automatic),33.75,2366.55,33.331690140845076,0
Male,0,Yes,Yes,26,Yes,Yes,DSL,No,No,Yes,Yes,Yes,Yes,One year,Yes,Credit card (automatic),110.7,2812.1850000000004,108.16096153846155,0
Female,0,Yes,No,6,Yes,No,DSL,No,No,No,No,No,No,Month-to-month,No,Mailed check,61.627500000000005,436.6575,72.77625,0
Male,0,No,No,32,Yes,Yes,Fiber optic,Yes,No,No,Yes,No,No,Month-to-month,No,Bank transfer (automatic),118.32750000000001,3734.6400000000003,116.70750000000001,0
Female,0,Yes,No,47,Yes,No,DSL,No,Yes,No,No,Yes,No,Month-to-month,Yes,Bank transfer (automatic),79.11000000000001,3676.5900000000006,78.22531914893618,0
Female,0,Yes,Yes,31,Yes,No,No,No internet service,No internet service,No internet service,No internet service,No internet service,No internet service,Two year,No,Mailed check,28.35,941.8950000000001,30.383709677419358,0
Female,0,Yes,Yes,52,Yes,No,Fiber optic,Yes,No,Yes,Yes,No,No,Month-to-month,Yes,Bank transfer (automatic),113.4675,5841.180000000001,112.33038461538463,0
Female,0,Yes,No,60,No,No phone service,DSL,No,Yes,Yes,Yes,Yes,Yes,Two year,No,Credit card (automatic),82.08,4864.6575,81.077625,0
Female,0,Yes,No,48,Yes,No,DSL,No,Yes,Yes,No,No,Yes,One year,Yes,Electronic check,88.62750000000001,4177.7775,87.03703125,0
Male,0,No,No,45,Yes,No,No,No internet service,No internet service,No internet service,No internet service,No internet service,No internet service,One year,No,Bank transfer (automatic),25.447500000000005,1170.855,26.019000000000002,0
Female,0,No,No,39,Yes,No,Fiber optic,No,No,Yes,Yes,No,No,Two year,Yes,Electronic check,108.60750000000002,4322.092500000001,110.82288461538464,1
Female,1,No,No,1,Yes,Yes,Fiber optic,No,No,No,No,Yes,No,Month-to-month,Yes,Electronic check,115.69500000000001,115.69500000000001,115.69500000000001,1
Male,0,No,No,1,Yes,No,Fiber optic,No,No,No,No,No,No,Month-to-month,Yes,Electronic check,93.96,93.96,93.96,1
Female,0,No,No,6,Yes,Yes,Fiber optic,Yes,No,No,No,No,No,Month-to-month,Yes,Electronic check,106.7175,586.575,97.76250000000002,1
Male,0,No,No,9,Yes,Yes,Fiber optic,No,No,No,No,No,No,Month-to-month,Yes,Electronic check,102.9375,924.5475,102.7275,0
Male,0,Yes,Yes,72,Yes,Yes,Fiber optic,Yes,Yes,Yes,Yes,Yes,Yes,Two year,Yes,Credit card (automatic),153.9675,11432.070000000002,158.77875000000003,0
Male,1,Yes,No,71,No,No phone service,DSL,No,Yes,Yes,No,Yes,Yes,Month-to-month,Yes,Bank transfer (automatic),70.605,5082.8175,71.58897887323944,0
Male,0,Yes,Yes,71,Yes,No,No,No internet service,No internet service,No internet service,No internet service,No internet service,No internet service,Two year,Yes,Bank transfer (automatic),26.460000000000004,1873.0575,26.381091549295775,0
Female,0,Yes,No,64,Yes,Yes,Fiber optic,Yes,No,Yes,No,Yes,No,Two year,Yes,Credit card (automatic),127.71,8030.745,125.480390625,0
Female,0,Yes,Yes,28,Yes,No,No,No internet service,No internet service,No internet service,No internet service,No internet service,No internet service,Month-to-month,Yes,Bank transfer (automatic),26.392500000000002,734.1300000000001,26.218928571428574,0
Female,0,Yes,Yes,70,Yes,Yes,Fiber optic,Yes,Yes,Yes,Yes,Yes,Yes,Two year,Yes,Credit card (automatic),155.45250000000001,11137.5,159.10714285714286,0
Male,1,No,No,39,Yes,Yes,Fiber optic,No,No,No,No,Yes,Yes,Month-to-month,Yes,Bank transfer (automatic),129.12750000000003,5074.717500000001,130.12096153846156,1
Female,0,Yes,Yes,16,Yes,No,No,No internet service,No internet service,No internet service,No internet service,No internet service,No internet service,Month-to-month,No,Electronic check,27.54,433.89,27.118125,0
Male,1,Yes,No,66,Yes,Yes,Fiber optic,No,Yes,Yes,Yes,Yes,Yes,One year,Yes,Electronic check,149.6475,10113.862500000001,153.24034090909092,1
Female,1,No,No,21,Yes,Yes,Fiber optic,No,No,No,No,Yes,Yes,Month-to-month,Yes,Bank transfer (automatic),128.79000000000002,2733.885,130.185,0
Female,0,No,No,44,Yes,Yes,Fiber optic,No,Yes,Yes,No,No,No,Month-to-month,Yes,Bank transfer (automatic),114.48,5214.442500000001,118.51005681818184,1
Female,1,Yes,No,54,Yes,No,Fiber optic,No,No,Yes,Yes,Yes,Yes,One year,Yes,Electronic check,133.785,7340.085000000001,135.9275,0
Male,0,No,No,4,Yes,No,DSL,Yes,No,Yes,No,No,No,Month-to-month,No,Electronic check,76.61250000000001,330.95250000000004,82.73812500000001,0
Female,1,Yes,No,60,Yes,No,Fiber optic,Yes,Yes,Yes,Yes,Yes,Yes,Two year,Yes,Bank transfer (automatic),148.5,9002.272500000003,150.03787500000004,0
Male,0,No,No,26,Yes,Yes,Fiber optic,Yes,Yes,No,No,Yes,No,Month-to-month,Yes,Credit card (automatic),124.74000000000001,3172.2300000000005,122.00884615384616,0
Female,0,Yes,Yes,24,Yes,Yes,DSL,Yes,No,Yes,No,Yes,Yes,Two year,No,Credit card (automatic),106.11,2492.9775000000004,103.87406250000002,0
Male,0,Yes,Yes,53,Yes,No,No,No internet service,No internet service,No internet service,No internet service,No internet service,No internet service,Two year,Yes,Mailed check,26.19,1498.9725,28.282500000000002,0
Female,0,Yes,Yes,46,Yes,No,No,No internet service,No internet service,No internet service,No internet service,No internet service,No internet service,Two year,No,Credit card (automatic),26.19,1293.5025000000003,28.1196195652174,0
Female,0,Yes,Yes,56,Yes,No,Fiber optic,No,No,No,No,Yes,Yes,One year,No,Bank transfer (automatic),120.01500000000001,6706.8,119.76428571428572,0
Female,0,No,No,7,Yes,No,DSL,Yes,No,No,No,No,Yes,One year,Yes,Electronic check,79.78500000000001,498.48750000000007,71.2125,0
Female,0,No,No,1,Yes,Yes,Fiber optic,No,No,No,No,No,Yes,Month-to-month,No,Mailed check,115.83,115.83,115.83,1
Male,0,No,No,1,Yes,No,DSL,No,No,No,No,No,No,Month-to-month,Yes,Mailed check,61.4925,61.4925,61.4925,0
Male,0,Yes,No,60,Yes,No,No,No internet service,No internet service,No internet service,No internet service,No internet service,No internet service,Two year,No,Mailed check,26.9325,1698.5025000000003,28.308375000000005,0
Male,0,Yes,No,61,Yes,No,No,No internet service,No internet service,No internet service,No internet service,No internet service,No internet service,One year,Yes,Credit card (automatic),27.742500000000003,1690.2,27.708196721311477,0
Female,0,Yes,No,42,No,No phone service,DSL,No,Yes,No,Yes,No,No,One year,No,Mailed check,45.2925,1951.155,46.45607142857143,1
Male,0,No,No,27,Yes,No,No,No internet service,No internet service,No internet service,No internet service,No internet service,No internet service,Two year,No,Credit card (automatic),26.797500000000003,634.5000000000001,23.500000000000004,0
Female,0,Yes,Yes,9,Yes,Yes,Fiber optic,No,No,No,No,Yes,No,Month-to-month,Yes,Bank transfer (automatic),115.2225,1018.7775,113.1975,1
Female,0,Yes,No,72,Yes,No,No,No internet service,No internet service,No internet service,No internet service,No internet service,No internet service,Two year,No,Bank transfer (automatic),27.067500000000003,1921.9275000000002,26.6934375,0
Female,0,No,No,23,Yes,No,No,No internet service,No internet service,No internet service,No internet service,No internet service,No internet service,One year,Yes,Credit card (automatic),26.5275,645.4350000000001,28.062391304347827,0
Female,1,No,No,47,Yes,Yes,Fiber optic,No,Yes,No,Yes,Yes,No,Month-to-month,Yes,Electronic check,128.3175,6081.1425,129.38601063829788,1
Female,1,Yes,No,54,Yes,No,No,No internet service,No internet service,No internet service,No internet service,No internet service,No internet service,Two year,Yes,Mailed check,25.5825,1391.985,25.777499999999996,0
Male,1,Yes,No,2,Yes,No,Fiber optic,No,No,Yes,No,Yes,Yes,Month-to-month,Yes,Credit card (automatic),128.925,245.22750000000002,122.61375000000001,0
Male,0,Yes,No,38,No,No phone service,DSL,Yes,Yes,No,Yes,Yes,Yes,Two year,Yes,Bank transfer (automatic),81.0,2960.82,77.91631578947369,0
Female,1,Yes,No,47,Yes,Yes,Fiber optic,No,No,Yes,No,Yes,Yes,Month-to-month,No,Electronic check,134.595,6408.72,136.35574468085107,0
Male,0,Yes,No,22,Yes,No,DSL,Yes,No,No,Yes,No,No,One year,Yes,Credit card (automatic),75.9375,1744.4700000000003,79.29409090909093,0
Male,0,Yes,No,2,Yes,Yes,Fiber optic,No,No,Yes,No,Yes,No,Month-to-month,Yes,Electronic check,123.45750000000001,231.4575,115.72875,0
Female,0,Yes,Yes,72,Yes,Yes,Fiber optic,Yes,No,No,No,No,No,Two year,No,Bank transfer (automatic),106.7175,7736.445,107.450625,0
Male,1,Yes,No,58,No,No phone service,DSL,No,Yes,Yes,No,No,Yes,Month-to-month,Yes,Electronic check,61.155,3579.12,61.70896551724138,1
Male,0,Yes,Yes,69,Yes,Yes,Fiber optic,No,No,Yes,No,No,No,Two year,Yes,Credit card (automatic),106.92000000000002,7317.8775,106.05619565217391,0
Male,0,No,No,18,Yes,Yes,DSL,Yes,No,Yes,No,Yes,No,Month-to-month,No,Mailed check,93.825,1619.1900000000003,89.95500000000001,0
Female,0,Yes,Yes,55,Yes,No,No,No internet service,No internet service,No internet service,No internet service,No internet service,No internet service,Month-to-month,No,Credit card (automatic),27.0,1467.7875000000001,26.68704545454546,0
Female,0,No,No,46,Yes,Yes,Fiber optic,No,No,Yes,No,Yes,Yes,One year,Yes,Electronic check,136.485,6310.4400000000005,137.18347826086958,0
Male,0,No,No,5,Yes,No,No,No internet service,No internet service,No internet service,No internet service,No internet service,No internet service,Month-to-month,Yes,Mailed check,25.9875,116.16750000000002,23.233500000000003,0
Female,0,No,No,4,No,No phone service,DSL,Yes,Yes,No,No,No,No,Month-to-month,Yes,Electronic check,45.4275,186.0975,46.524375,1
Male,1,No,No,5,Yes,No,Fiber optic,No,No,No,No,Yes,Yes,Month-to-month,Yes,Electronic check,120.825,644.8950000000001,128.979,1
Female,0,Yes,Yes,65,Yes,No,DSL,Yes,Yes,Yes,No,No,No,One year,No,Bank transfer (automatic),82.8225,5230.035,80.46207692307692,0
Male,0,No,No,35,Yes,No,No,No internet service,No internet service,No internet service,No internet service,No internet service,No internet service,Two year,No,Bank transfer (automatic),28.9575,952.3575000000003,27.210214285714294,0
Female,1,No,No,45,Yes,Yes,Fiber optic,Yes,Yes,No,Yes,Yes,No,Month-to-month,Yes,Electronic check,131.0175,5919.8175,131.5515,0
Female,0,No,No,2,Yes,No,No,No internet service,No internet service,No internet service,No internet service,No internet service,No internet service,Month-to-month,No,Electronic check,26.865,77.49000000000001,38.745000000000005,0
Female,0,Yes,Yes,22,Yes,No,Fiber optic,No,No,No,No,No,Yes,Month-to-month,Yes,Electronic check,108.20250000000001,2417.3775,109.88079545454546,0
Male,0,Yes,Yes,70,Yes,Yes,DSL,Yes,No,Yes,No,Yes,No,Two year,No,Credit card (automatic),93.08250000000001,6559.245000000001,93.7035,0
Female,0,Yes,Yes,30,Yes,No,DSL,Yes,No,No,Yes,No,Yes,Month-to-month,No,Bank transfer (automatic),89.505,2596.725,86.55749999999999,0
Male,0,No,No,61,Yes,Yes,Fiber optic,Yes,Yes,Yes,No,Yes,Yes,One year,Yes,Electronic check,145.4625,8804.565000000002,144.33713114754102,0
Female,0,No,No,29,Yes,No,No,No internet service,No internet service,No internet service,No internet service,No internet service,No internet service,One year,No,Mailed check,27.472500000000004,833.4225000000001,28.73870689655173,0
Male,0,Yes,No,61,Yes,Yes,Fiber optic,No,Yes,Yes,No,Yes,Yes,Month-to-month,Yes,Electronic check,142.4925,8479.9575,139.01569672131149,1
Male,0,Yes,Yes,25,Yes,No,Fiber optic,No,No,No,No,Yes,Yes,One year,Yes,Electronic check,122.04000000000002,2941.1099999999997,117.64439999999999,1
Male,0,Yes,No,71,Yes,Yes,Fiber optic,No,Yes,Yes,Yes,Yes,Yes,One year,Yes,Bank transfer (automatic),152.75250000000003,10736.8875,151.2237676056338,0
Female,0,Yes,No,1,No,No phone service,DSL,No,No,No,No,No,Yes,Month-to-month,No,Electronic check,47.25,47.25,47.25,0
Female,0,Yes,Yes,62,Yes,Yes,DSL,No,No,No,No,Yes,Yes,Month-to-month,Yes,Credit card (automatic),95.10750000000002,5805.6075,93.63883064516129,0
Male,0,Yes,No,64,Yes,No,Fiber optic,Yes,No,No,No,No,No,Month-to-month,Yes,Mailed check,99.2925,6431.400000000001,100.49062500000001,0
Female,0,Yes,Yes,64,Yes,Yes,DSL,Yes,Yes,Yes,Yes,Yes,Yes,Two year,Yes,Mailed check,122.31,7853.5575,122.7118359375,0
Male,1,Yes,No,29,Yes,Yes,Fiber optic,No,No,No,No,No,Yes,Month-to-month,Yes,Electronic check,113.805,3182.9625,109.7573275862069,0
Female,0,No,No,2,Yes,No,DSL,Yes,No,No,No,Yes,Yes,Month-to-month,Yes,Electronic check,95.5125,198.31500000000003,99.15750000000001,1
Male,0,No,No,1,Yes,No,No,No internet service,No internet service,No internet service,No internet service,No internet service,No internet service,Month-to-month,No,Bank transfer (automatic),26.5275,26.5275,26.5275,0
Male,0,No,No,1,Yes,No,DSL,No,Yes,No,No,No,No,Month-to-month,No,Mailed check,68.3775,68.3775,68.3775,1
Female,0,Yes,Yes,45,Yes,Yes,No,No internet service,No internet service,No internet service,No internet service,No internet service,No internet service,Two year,Yes,Credit card (automatic),33.2775,1581.2549999999999,35.138999999999996,0
Male,0,No,No,66,Yes,Yes,Fiber optic,Yes,Yes,Yes,Yes,Yes,Yes,One year,Yes,Bank transfer (automatic),154.305,9967.995,151.03022727272727,0
Female,0,Yes,No,54,Yes,Yes,Fiber optic,Yes,Yes,No,No,Yes,Yes,One year,No,Bank transfer (automatic),143.8425,7780.454999999999,144.08249999999998,1
Female,0,Yes,Yes,70,Yes,No,DSL,No,Yes,Yes,Yes,Yes,Yes,Two year,Yes,Bank transfer (automatic),108.54000000000002,7719.097500000002,110.27282142857145,0
Male,1,Yes,No,37,Yes,Yes,Fiber optic,No,No,No,No,Yes,Yes,Month-to-month,Yes,Electronic check,124.87500000000001,4689.090000000001,126.73216216216218,1
Male,1,No,No,3,Yes,No,Fiber optic,No,No,No,No,Yes,No,Month-to-month,Yes,Electronic check,107.86500000000001,352.215,117.40499999999999,1
Male,0,No,Yes,23,Yes,No,DSL,No,Yes,No,Yes,No,No,Month-to-month,Yes,Bank transfer (automatic),74.655,1733.67,75.37695652173913,0
Female,1,Yes,No,60,Yes,Yes,Fiber optic,No,No,Yes,No,Yes,Yes,One year,Yes,Credit card (automatic),135.675,8139.150000000001,135.6525,0
Female,0,No,No,35,No,No phone service,DSL,No,No,Yes,Yes,No,No,Month-to-month,Yes,Mailed check,45.157500000000006,1587.3974999999998,45.35421428571428,0
Female,0,Yes,Yes,27,Yes,No,Fiber optic,Yes,No,No,No,No,No,Month-to-month,No,Mailed check,100.44000000000001,2662.6725,98.6175,0
Female,0,Yes,Yes,24,No,No phone service,DSL,Yes,Yes,Yes,Yes,No,Yes,Two year,Yes,Mailed check,70.875,1631.0025000000005,67.95843750000002,0
Female,1,No,No,2,Yes,Yes,Fiber optic,No,No,No,No,Yes,Yes,Month-to-month,Yes,Electronic check,126.6975,230.6475,115.32375,1
Male,0,Yes,No,67,Yes,No,Fiber optic,Yes,Yes,No,No,No,Yes,One year,Yes,Credit card (automatic),122.31,8175.802499999999,122.02690298507461,1
Male,0,No,No,2,Yes,No,DSL,Yes,No,No,No,No,No,Month-to-month,Yes,Electronic check,64.53,124.80750000000002,62.40375000000001,1
Female,0,No,No,1,Yes,No,No,No internet service,No internet service,No internet service,No internet service,No internet service,No internet service,Month-to-month,No,Mailed check,27.54,27.54,27.54,1
Female,0,No,Yes,1,Yes,No,Fiber optic,No,No,No,No,Yes,No,Month-to-month,Yes,Electronic check,107.1225,107.1225,107.1225,1
Female,0,No,No,14,Yes,Yes,DSL,No,Yes,No,No,No,No,One year,Yes,Mailed check,73.23750000000001,1043.8200000000004,74.55857142857145,0
Male,1,No,No,38,Yes,Yes,Fiber optic,No,No,No,No,Yes,Yes,Month-to-month,No,Electronic check,127.91250000000001,4931.550000000001,129.7776315789474,0
Female,0,No,No,1,Yes,No,Fiber optic,No,No,No,No,No,No,Month-to-month,Yes,Electronic check,94.635,94.635,94.635,1
Female,0,Yes,No,2,Yes,No,Fiber optic,No,No,No,No,No,No,Month-to-month,Yes,Credit card (automatic),95.04000000000002,208.98000000000002,104.49000000000001,0
Female,0,No,No,12,Yes,Yes,Fiber optic,Yes,No,No,No,No,No,Month-to-month,Yes,Electronic check,106.58250000000001,1251.9225000000001,104.32687500000002,1
Male,0,Yes,Yes,31,Yes,Yes,Fiber optic,Yes,No,Yes,No,Yes,No,One year,No,Bank transfer (automatic),132.3675,4160.835,134.22048387096774,0
Male,0,No,Yes,35,Yes,No,DSL,No,No,No,Yes,Yes,Yes,One year,Yes,Mailed check,97.335,3368.452500000001,96.24150000000002,0
Male,1,Yes,No,72,Yes,Yes,Fiber optic,Yes,Yes,Yes,No,Yes,Yes,Two year,Yes,Bank transfer (automatic),147.8925,10692.945,148.513125,0
Female,0,Yes,Yes,8,Yes,No,Fiber optic,No,No,Yes,No,Yes,Yes,Month-to-month,Yes,Electronic check,127.17000000000002,1049.355,131.169375,1
Male,0,Yes,No,10,Yes,Yes,Fiber optic,No,No,Yes,No,Yes,Yes,Month-to-month,Yes,Electronic check,132.97500000000002,1400.9625000000003,140.09625000000003,1
Female,1,No,No,5,Yes,No,Fiber optic,No,No,No,No,No,No,Month-to-month,Yes,Mailed check,93.2175,429.975,85.995,1
Male,0,Yes,Yes,63,Yes,Yes,DSL,Yes,Yes,Yes,No,Yes,Yes,Two year,No,Credit card (automatic),112.72500000000001,7337.250000000001,116.46428571428572,0
Female,0,Yes,No,71,Yes,Yes,No,No internet service,No internet service,No internet service,No internet service,No internet service,No internet service,Two year,No,Credit card (automatic),34.56,2549.1375,35.90334507042253,0
Female,1,No,No,46,Yes,Yes,Fiber optic,No,Yes,Yes,No,Yes,Yes,Month-to-month,Yes,Electronic check,141.00750000000002,6566.197500000001,142.7434239130435,0
Female,0,Yes,Yes,52,Yes,Yes,No,No internet service,No internet service,No internet service,No internet service,No internet service,No internet service,Two year,No,Mailed check,31.117500000000003,1694.385,32.58432692307692,0
Male,0,No,No,1,Yes,No,DSL,No,No,No,No,No,No,Month-to-month,No,Mailed check,62.505,62.505,62.505,1
Male,0,No,No,1,Yes,No,Fiber optic,No,No,No,No,No,Yes,Month-to-month,No,Electronic check,107.46,107.46,107.46,1
Female,0,No,No,72,Yes,Yes,Fiber optic,Yes,Yes,Yes,Yes,Yes,Yes,Two year,Yes,Credit card (automatic),152.2125,11060.010000000002,153.61125000000004,0
Female,0,No,No,3,Yes,No,Fiber optic,No,Yes,No,No,Yes,No,Month-to-month,No,Electronic check,113.06250000000001,333.7875,111.26250000000002,1
Male,0,Yes,No,28,Yes,No,DSL,Yes,Yes,No,Yes,No,No,Month-to-month,No,Mailed check,82.215,2410.6275000000005,86.0938392857143,0
Female,0,Yes,Yes,39,Yes,No,DSL,Yes,No,No,No,No,No,Month-to-month,No,Credit card (automatic),68.9175,2789.1000000000004,71.51538461538462,0
Female,0,No,No,33,Yes,Yes,No,No internet service,No internet service,No internet service,No internet service,No internet service,No internet service,Two year,No,Credit card (automatic),34.695,1115.2350000000001,33.795,0
Female,0,No,No,12,No,No phone service,DSL,No,Yes,Yes,Yes,Yes,Yes,One year,No,Electronic check,81.8775,1003.455,83.62125,0
Male,0,Yes,Yes,1,Yes,Yes,Fiber optic,No,No,No,No,No,No,Month-to-month,Yes,Electronic check,100.575,100.575,100.575,1
Male,0,No,No,6,Yes,No,DSL,Yes,No,Yes,Yes,Yes,Yes,Month-to-month,No,Credit card (automatic),106.17750000000001,652.455,108.7425,0
Male,0,No,No,3,Yes,No,Fiber optic,Yes,No,No,No,No,Yes,Month-to-month,Yes,Mailed check,116.1675,330.5475,110.1825,0
Male,0,No,No,4,Yes,No,Fiber optic,No,No,No,No,Yes,Yes,Month-to-month,Yes,Electronic check,119.40750000000001,500.3775,125.094375,1
Male,0,Yes,Yes,34,Yes,No,Fiber optic,No,Yes,Yes,No,Yes,No,Month-to-month,Yes,Electronic check,121.2975,4173.862499999999,122.76066176470587,0
Male,0,No,No,1,Yes,No,No,No internet service,No internet service,No internet service,No internet service,No internet service,No internet service,Month-to-month,No,Mailed check,26.9325,26.9325,26.9325,0
Female,1,No,No,15,Yes,No,Fiber optic,Yes,No,Yes,Yes,No,Yes,Month-to-month,Yes,Mailed check,130.005,1926.1125,128.4075,1
Male,0,No,Yes,1,No,No phone service,DSL,No,No,No,No,No,No,Month-to-month,No,Electronic check,33.4125,33.4125,33.4125,1
Female,0,No,No,3,Yes,Yes,DSL,No,No,No,No,No,No,Month-to-month,Yes,Mailed check,68.3775,204.25500000000002,68.08500000000001,1
Male,0,No,No,1,Yes,No,No,No internet service,No internet service,No internet service,No internet service,No internet service,No internet service,Month-to-month,Yes,Mailed check,27.135000000000005,27.135000000000005,27.135000000000005,1
Female,0,No,No,3,Yes,No,No,No internet service,No internet service,No internet service,No internet service,No internet service,No internet service,One year,No,Mailed check,27.337500000000002,96.12,32.04,0
Female,0,Yes,Yes,30,Yes,No,DSL,No,Yes,Yes,Yes,Yes,Yes,Two year,No,Bank transfer (automatic),109.08,3198.5550000000003,106.61850000000001,0
Female,0,No,No,5,Yes,No,DSL,Yes,No,No,Yes,No,No,Month-to-month,No,Credit card (automatic),72.6975,350.73,70.146,1
Male,1,No,No,68,Yes,No,No,No internet service,No internet service,No internet service,No internet service,No internet service,No internet service,Two year,Yes,Credit card (automatic),27.0,1884.6000000000004,27.714705882352945,0
Female,0,No,No,1,Yes,No,No,No internet service,No internet service,No internet service,No internet service,No internet service,No internet service,Month-to-month,No,Mailed check,27.472500000000004,27.472500000000004,27.472500000000004,0
Female,0,No,No,5,Yes,No,Fiber optic,No,No,No,No,No,Yes,Month-to-month,Yes,Electronic check,108.0,556.8750000000001,111.37500000000001,1
Female,0,No,No,1,Yes,No,Fiber optic,No,No,No,No,No,No,Month-to-month,No,Mailed check,95.985,95.985,95.985,1
Male,0,Yes,Yes,13,Yes,No,No,No internet service,No internet service,No internet service,No internet service,No internet service,No internet service,One year,No,Mailed check,27.0,295.0425,22.695576923076924,0
Female,0,No,No,35,Yes,Yes,Fiber optic,No,No,No,Yes,No,No,Month-to-month,No,Credit card (automatic),108.06750000000001,3828.465,109.3847142857143,0
Male,0,Yes,Yes,4,Yes,No,Fiber optic,No,No,No,No,No,No,Month-to-month,Yes,Mailed check,93.8925,384.615,96.15375,0
Male,0,No,No,9,No,No phone service,DSL,No,No,No,No,No,No,Month-to-month,Yes,Electronic check,33.682500000000005,256.83750000000003,28.5375,0
Female,1,No,No,45,Yes,No,Fiber optic,Yes,Yes,No,Yes,No,No,Month-to-month,Yes,Bank transfer (automatic),115.69500000000001,5100.435,113.343,0
Female,0,Yes,No,21,No,No phone service,DSL,Yes,No,No,No,No,No,Month-to-month,No,Electronic check,38.475,849.6225000000003,40.4582142857143,0
Female,0,No,No,26,Yes,No,Fiber optic,No,No,No,No,Yes,Yes,Month-to-month,Yes,Bank transfer (automatic),119.88000000000001,3070.3725,118.09125,1
Female,0,No,No,1,Yes,Yes,Fiber optic,No,No,No,No,No,Yes,Month-to-month,Yes,Electronic check,114.75000000000001,114.75000000000001,114.75000000000001,1
Female,1,No,No,2,Yes,Yes,Fiber optic,No,No,Yes,No,No,Yes,Month-to-month,Yes,Electronic check,119.5425,241.9875,120.99375,1
Female,0,No,No,11,Yes,No,DSL,No,No,No,Yes,Yes,Yes,Month-to-month,No,Mailed check,95.17500000000001,1119.555,101.77772727272728,0
Female,0,Yes,No,59,Yes,Yes,Fiber optic,Yes,Yes,Yes,No,Yes,Yes,One year,Yes,Credit card (automatic),147.35250000000002,8852.9625,150.05021186440678,0
Female,0,Yes,No,31,Yes,No,Fiber optic,No,Yes,No,No,No,Yes,Month-to-month,Yes,Bank transfer (automatic),113.1975,3610.1025000000004,116.45491935483872,0
Female,0,Yes,Yes,54,Yes,Yes,No,No internet service,No internet service,No internet service,No internet service,No internet service,No internet service,One year,Yes,Bank transfer (automatic),33.4125,1811.9025000000001,33.55375,0
Female,0,No,Yes,16,Yes,No,No,No internet service,No internet service,No internet service,No internet service,No internet service,No internet service,One year,Yes,Bank transfer (automatic),26.055000000000003,486.4725000000001,30.404531250000005,0
Male,1,No,No,9,Yes,Yes,DSL,Yes,No,No,No,No,No,Month-to-month,No,Electronic check,73.6425,666.9675,74.1075,1
Female,0,No,No,21,Yes,Yes,Fiber optic,No,No,No,No,Yes,Yes,Month-to-month,Yes,Electronic check,131.4225,2861.3250000000007,136.25357142857146,1
Male,0,No,No,1,Yes,No,No,No internet service,No internet service,No internet service,No internet service,No internet service,No internet service,Month-to-month,No,Credit card (automatic),28.012500000000003,28.012500000000003,28.012500000000003,0
Female,0,No,No,23,Yes,Yes,DSL,Yes,No,No,No,No,No,Month-to-month,No,Electronic check,73.44,1686.4875000000004,73.32554347826088,0
Male,1,Yes,No,7,Yes,Yes,Fiber optic,No,No,No,No,No,No,Month-to-month,Yes,Mailed check,100.44000000000001,712.6650000000001,101.80928571428572,1
Male,0,No,No,21,Yes,Yes,Fiber optic,Yes,No,Yes,No,Yes,Yes,Month-to-month,No,Mailed check,140.1975,2990.2500000000005,142.39285714285717,0
Female,0,Yes,No,65,Yes,Yes,Fiber optic,No,Yes,Yes,Yes,Yes,Yes,Two year,Yes,Bank transfer (automatic),145.32750000000001,9561.847500000002,147.10534615384617,0
Male,0,No,No,4,No,No phone service,DSL,No,No,No,No,Yes,Yes,Month-to-month,Yes,Electronic check,60.1425,235.30500000000004,58.82625000000001,1
Male,0,Yes,Yes,72,Yes,No,Fiber optic,Yes,Yes,Yes,Yes,Yes,Yes,Two year,No,Bank transfer (automatic),151.13250000000002,10844.685000000001,150.62062500000002,0
Male,1,Yes,No,68,No,No phone service,DSL,Yes,Yes,Yes,No,No,No,Two year,Yes,Electronic check,56.63250000000001,4003.7625000000007,58.87886029411766,0
Female,0,Yes,Yes,67,Yes,No,Fiber optic,Yes,Yes,Yes,No,No,No,One year,No,Bank transfer (automatic),114.48,7557.705000000001,112.80156716417912,0
Male,0,No,No,1,Yes,No,Fiber optic,No,No,No,No,No,Yes,Month-to-month,Yes,Electronic check,106.98750000000001,106.98750000000001,106.98750000000001,1
Female,0,Yes,No,69,Yes,No,Fiber optic,No,Yes,No,No,Yes,Yes,One year,Yes,Credit card (automatic),129.12750000000003,9104.67,131.9517391304348,0
Male,0,No,No,60,Yes,Yes,Fiber optic,No,Yes,No,No,Yes,No,Month-to-month,Yes,Bank transfer (automatic),121.36500000000001,7358.445000000001,122.64075000000001,0
Male,0,No,No,3,Yes,No,Fiber optic,No,No,Yes,Yes,Yes,No,Month-to-month,Yes,Mailed check,119.2725,353.76750000000004,117.92250000000001,1
Male,0,Yes,Yes,63,No,No phone service,DSL,Yes,Yes,Yes,No,Yes,Yes,Two year,No,Electronic check,79.65,5005.26,79.44857142857143,0
Male,0,Yes,Yes,71,Yes,Yes,DSL,Yes,Yes,Yes,Yes,Yes,Yes,Two year,Yes,Mailed check,123.18750000000001,8895.960000000001,125.29521126760564,0
Female,0,No,No,35,Yes,Yes,DSL,Yes,No,Yes,Yes,Yes,Yes,One year,Yes,Credit card (automatic),116.03250000000001,4198.635,119.96100000000001,1
Female,0,No,No,34,Yes,No,Fiber optic,No,No,No,No,No,No,Month-to-month,Yes,Credit card (automatic),94.5,3261.735,95.93338235294118,1
Male,0,Yes,Yes,53,Yes,No,DSL,Yes,Yes,No,Yes,Yes,No,Two year,Yes,Mailed check,94.09500000000001,5034.960000000001,94.99924528301888,0
Male,0,Yes,No,17,No,No phone service,DSL,Yes,No,Yes,No,No,No,Month-to-month,No,Mailed check,46.44,800.2125,47.071323529411764,0
Female,0,No,Yes,1,Yes,No,DSL,Yes,Yes,No,Yes,No,No,Month-to-month,Yes,Electronic check,81.0,81.0,81.0,1
Male,0,Yes,No,56,Yes,No,Fiber optic,No,No,No,No,No,Yes,One year,Yes,Electronic check,109.21500000000002,6152.625,109.86830357142857,0
Male,0,Yes,Yes,7,Yes,No,DSL,Yes,No,No,No,No,No,One year,Yes,Electronic check,67.16250000000001,447.25500000000005,63.893571428571434,1
Male,0,Yes,No,67,Yes,Yes,Fiber optic,No,Yes,Yes,Yes,Yes,Yes,Two year,Yes,Bank transfer (automatic),150.255,10215.720000000001,152.47343283582092,0
Male,0,No,No,11,Yes,No,DSL,No,Yes,Yes,Yes,No,No,Month-to-month,Yes,Electronic check,82.215,929.475,84.49772727272727,0
Male,0,No,Yes,1,Yes,No,No,No internet service,No internet service,No internet service,No internet service,No internet service,No internet service,Month-to-month,Yes,Mailed check,27.337500000000002,27.337500000000002,27.337500000000002,0
Male,0,No,No,2,Yes,Yes,No,No internet service,No internet service,No internet service,No internet service,No internet service,No internet service,Month-to-month,No,Mailed check,33.54750000000001,83.7,41.85,0
Female,0,Yes,No,69,Yes,Yes,Fiber optic,No,No,Yes,Yes,Yes,Yes,Two year,No,Bank transfer (automatic),142.2225,9774.8775,141.66489130434783,0
Male,0,No,No,1,Yes,No,Fiber optic,No,No,No,No,Yes,No,Month-to-month,Yes,Electronic check,107.9325,107.9325,107.9325,1
Female,0,No,No,21,Yes,No,Fiber optic,No,Yes,Yes,No,No,Yes,Month-to-month,Yes,Electronic check,121.56750000000001,2514.9150000000004,119.75785714285716,0
Male,1,Yes,No,72,Yes,Yes,Fiber optic,No,Yes,No,No,Yes,Yes,One year,Yes,Credit card (automatic),131.28750000000002,9629.685000000001,133.74562500000002,0
Female,1,No,No,2,Yes,Yes,Fiber optic,No,No,No,No,No,Yes,Month-to-month,Yes,Electronic check,113.4675,251.16750000000002,125.58375000000001,0
Male,0,No,No,57,Yes,No,No,No internet service,No internet service,No internet service,No internet service,No internet service,No internet service,Two year,No,Mailed check,28.012500000000003,1510.3799999999999,26.497894736842103,0
Male,0,No,No,1,Yes,No,Fiber optic,No,No,No,No,Yes,Yes,Month-to-month,Yes,Electronic check,120.8925,120.8925,120.8925,1
Male,0,Yes,No,4,Yes,No,Fiber optic,No,No,Yes,Yes,No,No,Month-to-month,Yes,Mailed check,108.81,430.8525,107.713125,1
Female,0,No,No,2,Yes,No,No,No internet service,No internet service,No internet service,No internet service,No internet service,No internet service,Month-to-month,No,Mailed check,26.19,82.4175,41.20875,0
Female,0,No,No,9,Yes,Yes,Fiber optic,No,No,No,No,No,No,Month-to-month,Yes,Electronic check,103.7475,895.7925,99.5325,0
Female,0,No,No,71,Yes,Yes,Fiber optic,Yes,Yes,Yes,Yes,Yes,Yes,Two year,No,Mailed check,150.255,10780.965000000002,151.84457746478876,0
Female,0,Yes,Yes,13,Yes,No,No,No internet service,No internet service,No internet service,No internet service,No internet service,No internet service,Month-to-month,No,Mailed check,25.380000000000003,339.1875000000001,26.09134615384616,0
Male,0,Yes,Yes,50,Yes,No,DSL,No,No,No,No,No,No,One year,Yes,Bank transfer (automatic),60.48,3011.6475,60.23295,0
Male,1,Yes,No,10,Yes,Yes,Fiber optic,No,No,Yes,No,No,Yes,Month-to-month,Yes,Electronic check,121.23,1234.3050000000003,123.43050000000002,1
Male,1,Yes,No,64,Yes,Yes,Fiber optic,No,Yes,Yes,No,No,Yes,Month-to-month,Yes,Electronic check,127.23750000000001,8209.89,128.27953125,0
Female,0,Yes,Yes,1,Yes,No,Fiber optic,No,No,No,No,No,No,Month-to-month,Yes,Electronic check,94.23,94.23,94.23,1
Male,0,No,No,2,No,No phone service,DSL,No,No,No,No,No,No,Month-to-month,Yes,Credit card (automatic),33.615,67.09500000000001,33.54750000000001,0
Female,0,No,No,30,Yes,Yes,Fiber optic,No,Yes,Yes,Yes,Yes,Yes,One year,No,Credit card (automatic),149.10750000000002,4491.517500000001,149.71725000000004,0
Male,0,No,No,7,Yes,Yes,Fiber optic,No,No,Yes,No,Yes,No,Month-to-month,Yes,Electronic check,122.10750000000002,801.1575000000001,114.45107142857145,1
Male,0,No,No,26,Yes,No,No,No internet service,No internet service,No internet service,No internet service,No internet service,No internet service,One year,No,Mailed check,26.19,709.4925,27.288173076923076,0
Male,0,No,No,20,Yes,No,DSL,No,No,No,Yes,No,No,Month-to-month,No,Mailed check,67.5,1354.1175,67.705875,0
Female,0,Yes,No,72,Yes,Yes,No,No internet service,No internet service,No internet service,No internet service,No internet service,No internet service,Two year,Yes,Mailed check,35.1,2397.6000000000004,33.300000000000004,0
Female,0,Yes,Yes,13,Yes,No,DSL,No,No,No,No,No,Yes,Month-to-month,No,Electronic check,75.53250000000001,991.3725000000001,76.25942307692308,1
Male,0,Yes,No,70,Yes,No,Fiber optic,Yes,Yes,No,Yes,No,No,Two year,No,Bank transfer (automatic),114.21,7703.370000000001,110.04814285714286,0
Male,0,No,No,3,No,No phone service,DSL,No,No,No,Yes,No,No,Month-to-month,Yes,Electronic check,40.1625,130.7475,43.5825,0
Male,0,No,No,2,Yes,Yes,Fiber optic,No,No,No,No,No,No,Month-to-month,Yes,Electronic check,103.275,219.3075,109.65375,1
Female,1,Yes,No,72,Yes,Yes,Fiber optic,Yes,Yes,Yes,Yes,Yes,Yes,Two year,Yes,Credit card (automatic),156.26250000000002,11398.995000000003,158.31937500000004,0
Male,1,No,No,33,Yes,Yes,Fiber optic,No,Yes,Yes,No,No,No,Month-to-month,Yes,Credit card (automatic),113.1975,3667.005,111.12136363636364,1
Male,1,No,No,15,Yes,No,Fiber optic,No,Yes,No,No,No,No,Month-to-month,Yes,Electronic check,100.44000000000001,1450.305,96.687,1
Male,0,No,No,1,No,No phone service,DSL,No,No,No,Yes,No,No,Month-to-month,No,Mailed check,39.3525,39.3525,39.3525,0
Male,1,No,No,55,Yes,Yes,Fiber optic,Yes,No,No,No,Yes,Yes,Month-to-month,Yes,Electronic check,133.38,7583.9625,137.89022727272726,1
Male,0,Yes,Yes,5,Yes,Yes,DSL,Yes,Yes,No,Yes,No,No,Month-to-month,No,Credit card (automatic),86.94000000000001,427.815,85.563,0
Male,0,Yes,No,3,Yes,Yes,Fiber optic,No,No,No,Yes,No,No,Month-to-month,Yes,Bank transfer (automatic),107.52750000000002,339.8625,113.28750000000001,1
Female,0,No,No,65,Yes,Yes,Fiber optic,Yes,Yes,No,Yes,No,No,One year,Yes,Electronic check,121.2975,7890.277500000001,121.38888461538463,0
Male,0,Yes,Yes,39,Yes,No,DSL,Yes,Yes,Yes,No,No,No,One year,No,Electronic check,80.73,3164.1974999999998,81.13326923076923,0
Male,0,Yes,No,70,Yes,Yes,No,No internet service,No internet service,No internet service,No internet service,No internet service,No internet service,Two year,No,Bank transfer (automatic),33.9525,2620.1475,37.43067857142857,0
Male,0,No,No,34,Yes,Yes,Fiber optic,Yes,Yes,Yes,Yes,Yes,Yes,One year,No,Credit card (automatic),156.9375,5263.717500000001,154.81522058823532,0
Male,0,Yes,No,30,Yes,Yes,DSL,No,No,No,No,No,No,Month-to-month,No,Electronic check,67.36500000000001,1946.6325000000004,64.88775000000001,0
Female,0,Yes,No,12,No,No phone service,DSL,No,No,Yes,No,Yes,Yes,Month-to-month,Yes,Bank transfer (automatic),67.2975,833.1525000000001,69.42937500000001,0
Male,0,No,Yes,9,Yes,No,No,No internet service,No internet service,No internet service,No internet service,No internet service,No internet service,One year,No,Mailed check,27.135000000000005,256.83750000000003,28.5375,0
Female,0,Yes,No,49,No,No phone service,DSL,No,Yes,No,Yes,Yes,Yes,One year,Yes,Credit card (automatic),76.005,3753.81,76.60836734693878,0
Female,0,Yes,No,7,Yes,No,DSL,No,No,No,No,No,No,Month-to-month,Yes,Mailed check,59.737500000000004,423.1575000000001,60.45107142857144,0
Female,1,Yes,No,38,Yes,No,Fiber optic,Yes,No,No,No,No,Yes,Month-to-month,Yes,Electronic check,112.65750000000001,4248.652500000001,111.80664473684213,0
Male,0,No,No,63,Yes,No,Fiber optic,Yes,Yes,Yes,Yes,Yes,Yes,Two year,No,Credit card (automatic),147.42000000000002,9517.1625,151.06607142857143,0
Male,1,No,No,1,Yes,No,Fiber optic,No,No,No,No,No,No,Month-to-month,Yes,Electronic check,96.72750000000002,96.72750000000002,96.72750000000002,1
Male,0,No,No,30,Yes,Yes,Fiber optic,No,No,No,Yes,No,Yes,Month-to-month,Yes,Credit card (automatic),121.36500000000001,3676.2525000000005,122.54175000000002,0
Female,0,No,No,23,Yes,Yes,DSL,No,No,No,Yes,Yes,Yes,One year,Yes,Mailed check,99.5625,2371.41,103.10478260869564,0
Female,0,No,No,57,Yes,No,DSL,No,Yes,Yes,Yes,Yes,No,Two year,No,Mailed check,94.16250000000001,5257.4400000000005,92.23578947368422,0
